<?xml version="1.0" encoding="UTF-8"?>
<export version="D">
  <design>
    <source>C:/Users/uabjonb/Desktop/cadtest/cadtest.sch</source>
    <date>1/22/2017 6:09:13 PM</date>
    <tool>Eeschema 4.0.5</tool>
    <sheet number="1" name="/" tstamps="/">
      <title_block>
        <title>RAIL-PICAN</title>
        <company>Jonas Bjurel (jonasbjurel@hotmail.com)</company>
        <rev>P1A</rev>
        <date>2017-01-20</date>
        <source>cadtest.sch</source>
        <comment number="1" value="Raspberry PI CANBUS interface HAT "/>
        <comment number="2" value="http://skpang.co.uk/catalog/pican2-canbus-board-for-raspberry-pi-23-p-1475.html"/>
        <comment number="3" value="Licence: Creative Commons (CC BY-SA 4.0)"/>
        <comment number="4" value="(c) 2017 Jonas Bjurel"/>
      </title_block>
    </sheet>
  </design>
  <components>
    <comp ref="C1">
      <value>CONN_02X20</value>
      <footprint>Socket_Strips:Socket_Strip_Straight_2x20</footprint>
      <fields>
        <field name="Descriptio">RaspberryPI Hat connector</field>
      </fields>
      <libsource lib="conn" part="CONN_02X20"/>
      <sheetpath names="/" tstamps="/"/>
      <tstamp>587A84D7</tstamp>
    </comp>
    <comp ref="R2">
      <value>4k7</value>
      <footprint>Resistors_THT:R_Box_L8.4mm_W2.5mm_P5.08mm</footprint>
      <libsource lib="device" part="R"/>
      <sheetpath names="/" tstamps="/"/>
      <tstamp>587AA2E0</tstamp>
    </comp>
    <comp ref="C7">
      <value>22 pF</value>
      <footprint>Capacitors_THT:C_Disc_D8.0mm_W2.5mm_P5.00mm</footprint>
      <libsource lib="device" part="C_Small"/>
      <sheetpath names="/" tstamps="/"/>
      <tstamp>587AAA17</tstamp>
    </comp>
    <comp ref="C6">
      <value>22 pF</value>
      <footprint>Capacitors_THT:C_Disc_D8.0mm_W2.5mm_P5.00mm</footprint>
      <libsource lib="device" part="C_Small"/>
      <sheetpath names="/" tstamps="/"/>
      <tstamp>587AACE4</tstamp>
    </comp>
    <comp ref="Y1">
      <value>Crystal</value>
      <footprint>Crystals:Crystal_HC49-4H_Vertical</footprint>
      <libsource lib="device" part="Crystal"/>
      <sheetpath names="/" tstamps="/"/>
      <tstamp>587AAF14</tstamp>
    </comp>
    <comp ref="U3">
      <value>MCP2551-I/P</value>
      <footprint>Housings_DIP:DIP-8_W7.62mm</footprint>
      <libsource lib="interface" part="MCP2551-I/P"/>
      <sheetpath names="/" tstamps="/"/>
      <tstamp>587B8B94</tstamp>
    </comp>
    <comp ref="R1">
      <value>18k</value>
      <footprint>Resistors_THT:R_Box_L8.4mm_W2.5mm_P5.08mm</footprint>
      <libsource lib="device" part="R"/>
      <sheetpath names="/" tstamps="/"/>
      <tstamp>587BABD6</tstamp>
    </comp>
    <comp ref="R3">
      <value>10k</value>
      <footprint>Resistors_THT:R_Box_L8.4mm_W2.5mm_P5.08mm</footprint>
      <libsource lib="device" part="R"/>
      <sheetpath names="/" tstamps="/"/>
      <tstamp>587BD8D5</tstamp>
    </comp>
    <comp ref="R4">
      <value>4k7</value>
      <footprint>Resistors_THT:R_Box_L8.4mm_W2.5mm_P5.08mm</footprint>
      <libsource lib="device" part="R"/>
      <sheetpath names="/" tstamps="/"/>
      <tstamp>587BDF58</tstamp>
    </comp>
    <comp ref="R6">
      <value>100</value>
      <footprint>Resistors_THT:R_Box_L8.4mm_W2.5mm_P5.08mm</footprint>
      <libsource lib="device" part="R"/>
      <sheetpath names="/" tstamps="/"/>
      <tstamp>587BE4D7</tstamp>
    </comp>
    <comp ref="R7">
      <value>100</value>
      <footprint>Resistors_THT:R_Box_L8.4mm_W2.5mm_P5.08mm</footprint>
      <libsource lib="device" part="R"/>
      <sheetpath names="/" tstamps="/"/>
      <tstamp>587BE53E</tstamp>
    </comp>
    <comp ref="C4">
      <value>560pF</value>
      <footprint>Capacitors_THT:C_Disc_D8.0mm_W2.5mm_P5.00mm</footprint>
      <libsource lib="device" part="C_Small"/>
      <sheetpath names="/" tstamps="/"/>
      <tstamp>587BEBD0</tstamp>
    </comp>
    <comp ref="C5">
      <value>560pF</value>
      <footprint>Capacitors_THT:C_Disc_D8.0mm_W2.5mm_P5.00mm</footprint>
      <libsource lib="device" part="C_Small"/>
      <sheetpath names="/" tstamps="/"/>
      <tstamp>587BEC23</tstamp>
    </comp>
    <comp ref="R9">
      <value>120</value>
      <footprint>Resistors_THT:R_Box_L8.4mm_W2.5mm_P5.08mm</footprint>
      <libsource lib="device" part="R"/>
      <sheetpath names="/" tstamps="/"/>
      <tstamp>587C19EA</tstamp>
    </comp>
    <comp ref="D5">
      <value>RED</value>
      <footprint>LEDs:LED_D3.0mm</footprint>
      <libsource lib="device" part="LED"/>
      <sheetpath names="/" tstamps="/"/>
      <tstamp>587C3B2E</tstamp>
    </comp>
    <comp ref="R10">
      <value>1k</value>
      <footprint>Resistors_THT:R_Box_L8.4mm_W2.5mm_P5.08mm</footprint>
      <libsource lib="device" part="R"/>
      <sheetpath names="/" tstamps="/"/>
      <tstamp>587C5192</tstamp>
    </comp>
    <comp ref="c1">
      <value>0.1uF</value>
      <footprint>Capacitors_THT:CP_Radial_D5.0mm_P2.00mm</footprint>
      <libsource lib="device" part="CP"/>
      <sheetpath names="/" tstamps="/"/>
      <tstamp>587C878D</tstamp>
    </comp>
    <comp ref="C2">
      <value>0.1uF</value>
      <footprint>Capacitors_THT:CP_Radial_D5.0mm_P2.00mm</footprint>
      <libsource lib="device" part="CP"/>
      <sheetpath names="/" tstamps="/"/>
      <tstamp>587C8CAF</tstamp>
    </comp>
    <comp ref="C3">
      <value>47uF</value>
      <footprint>Capacitors_THT:CP_Radial_D8.0mm_P3.50mm</footprint>
      <libsource lib="device" part="CP"/>
      <sheetpath names="/" tstamps="/"/>
      <tstamp>587C9275</tstamp>
    </comp>
    <comp ref="JP1">
      <value>JP1</value>
      <footprint>Pin_Headers:Pin_Header_Straight_1x03_Pitch2.54mm</footprint>
      <libsource lib="device" part="Jumper_NC_Dual"/>
      <sheetpath names="/" tstamps="/"/>
      <tstamp>587D09D3</tstamp>
    </comp>
    <comp ref="JP4">
      <value>JP4</value>
      <footprint>Pin_Headers:Pin_Header_Straight_1x03_Pitch2.54mm</footprint>
      <libsource lib="device" part="Jumper_NC_Dual"/>
      <sheetpath names="/" tstamps="/"/>
      <tstamp>587D0A62</tstamp>
    </comp>
    <comp ref="JP3">
      <value>JP3</value>
      <footprint>Pin_Headers:Pin_Header_Straight_1x03_Pitch2.54mm</footprint>
      <libsource lib="device" part="Jumper_NC_Dual"/>
      <sheetpath names="/" tstamps="/"/>
      <tstamp>587D0AF3</tstamp>
    </comp>
    <comp ref="U1">
      <value>MCP2515-E/ST-DIP</value>
      <footprint>Housings_DIP:DIP-18_W7.62mm</footprint>
      <libsource lib="cadtest-cache" part="MCP2515-E/ST-DIP"/>
      <sheetpath names="/" tstamps="/"/>
      <tstamp>587D9534</tstamp>
    </comp>
    <comp ref="D3">
      <value>1N5401</value>
      <footprint>Diodes_THT:D_DO-201_P12.70mm_Horizontal</footprint>
      <libsource lib="device" part="D"/>
      <sheetpath names="/" tstamps="/"/>
      <tstamp>587E9A48</tstamp>
    </comp>
    <comp ref="D4">
      <value>YELLOW</value>
      <footprint>LEDs:LED_D3.0mm</footprint>
      <libsource lib="device" part="LED"/>
      <sheetpath names="/" tstamps="/"/>
      <tstamp>587F31EA</tstamp>
    </comp>
    <comp ref="R8">
      <value>1k</value>
      <footprint>Resistors_THT:R_Box_L8.4mm_W2.5mm_P5.08mm</footprint>
      <libsource lib="device" part="R"/>
      <sheetpath names="/" tstamps="/"/>
      <tstamp>587F3265</tstamp>
    </comp>
    <comp ref="D2">
      <value>GREEN</value>
      <footprint>LEDs:LED_D3.0mm</footprint>
      <libsource lib="device" part="LED"/>
      <sheetpath names="/" tstamps="/"/>
      <tstamp>587F5017</tstamp>
    </comp>
    <comp ref="R5">
      <value>1k</value>
      <footprint>Resistors_THT:R_Box_L8.4mm_W2.5mm_P5.08mm</footprint>
      <libsource lib="device" part="R"/>
      <sheetpath names="/" tstamps="/"/>
      <tstamp>587F501D</tstamp>
    </comp>
    <comp ref="D1">
      <value>1N5401</value>
      <footprint>Diodes_THT:D_DO-201_P12.70mm_Horizontal</footprint>
      <libsource lib="device" part="D"/>
      <sheetpath names="/" tstamps="/"/>
      <tstamp>58800A8E</tstamp>
    </comp>
    <comp ref="J1">
      <value>Screw_Terminal_1x04</value>
      <footprint>Connectors_Terminal_Blocks:TerminalBlock_Pheonix_MKDS1.5-4pol</footprint>
      <libsource lib="conn" part="Screw_Terminal_1x04"/>
      <sheetpath names="/" tstamps="/"/>
      <tstamp>5882A093</tstamp>
    </comp>
    <comp ref="U2">
      <value>78S05</value>
      <footprint>Power_Integrations:TO-220</footprint>
      <libsource lib="cadtest-cache" part="78S05"/>
      <sheetpath names="/" tstamps="/"/>
      <tstamp>587F790B</tstamp>
    </comp>
    <comp ref="JP2">
      <value>JP2</value>
      <footprint>Pin_Headers:Pin_Header_Straight_1x02_Pitch2.54mm</footprint>
      <libsource lib="device" part="Jumper_NC_Small"/>
      <sheetpath names="/" tstamps="/"/>
      <tstamp>5880DDF3</tstamp>
    </comp>
    <comp ref="C8">
      <value>47uF</value>
      <footprint>Capacitors_THT:CP_Radial_D8.0mm_P3.50mm</footprint>
      <libsource lib="device" part="CP"/>
      <sheetpath names="/" tstamps="/"/>
      <tstamp>5884984B</tstamp>
    </comp>
    <comp ref="J2">
      <value>DB9</value>
      <footprint>Connectors:DB9FD</footprint>
      <libsource lib="conn" part="DB9"/>
      <sheetpath names="/" tstamps="/"/>
      <tstamp>587B9504</tstamp>
    </comp>
  </components>
  <libparts>
    <libpart lib="cadtest-cache" part="78S05">
      <footprints>
        <fp>TO-220</fp>
      </footprints>
      <fields>
        <field name="Reference">U</field>
        <field name="Value">78S05</field>
      </fields>
      <pins>
        <pin num="1" name="VI" type="input"/>
        <pin num="2" name="GND" type="input"/>
        <pin num="3" name="VO" type="power_out"/>
      </pins>
    </libpart>
    <libpart lib="conn" part="CONN_02X20">
      <description>Connector, double row, 02x20</description>
      <footprints>
        <fp>Pin_Header_Straight_2X20</fp>
        <fp>Pin_Header_Angled_2X20</fp>
        <fp>Socket_Strip_Straight_2X20</fp>
        <fp>Socket_Strip_Angled_2X20</fp>
      </footprints>
      <fields>
        <field name="Reference">P</field>
        <field name="Value">CONN_02X20</field>
      </fields>
      <pins>
        <pin num="1" name="P1" type="passive"/>
        <pin num="2" name="P2" type="passive"/>
        <pin num="3" name="P3" type="passive"/>
        <pin num="4" name="P4" type="passive"/>
        <pin num="5" name="P5" type="passive"/>
        <pin num="6" name="P6" type="passive"/>
        <pin num="7" name="P7" type="passive"/>
        <pin num="8" name="P8" type="passive"/>
        <pin num="9" name="P9" type="passive"/>
        <pin num="10" name="P10" type="passive"/>
        <pin num="11" name="P11" type="passive"/>
        <pin num="12" name="P12" type="passive"/>
        <pin num="13" name="P13" type="passive"/>
        <pin num="14" name="P14" type="passive"/>
        <pin num="15" name="P15" type="passive"/>
        <pin num="16" name="P16" type="passive"/>
        <pin num="17" name="P17" type="passive"/>
        <pin num="18" name="P18" type="passive"/>
        <pin num="19" name="P19" type="passive"/>
        <pin num="20" name="P20" type="passive"/>
        <pin num="21" name="P21" type="passive"/>
        <pin num="22" name="P22" type="passive"/>
        <pin num="23" name="P23" type="passive"/>
        <pin num="24" name="P24" type="passive"/>
        <pin num="25" name="P25" type="passive"/>
        <pin num="26" name="P26" type="passive"/>
        <pin num="27" name="P27" type="passive"/>
        <pin num="28" name="P28" type="passive"/>
        <pin num="29" name="P29" type="passive"/>
        <pin num="30" name="P30" type="passive"/>
        <pin num="31" name="P31" type="passive"/>
        <pin num="32" name="P32" type="passive"/>
        <pin num="33" name="P33" type="passive"/>
        <pin num="34" name="P34" type="passive"/>
        <pin num="35" name="P35" type="passive"/>
        <pin num="36" name="P36" type="passive"/>
        <pin num="37" name="P37" type="passive"/>
        <pin num="38" name="P38" type="passive"/>
        <pin num="39" name="P39" type="passive"/>
        <pin num="40" name="P40" type="passive"/>
      </pins>
    </libpart>
    <libpart lib="device" part="CP">
      <description>Polarised capacitor</description>
      <footprints>
        <fp>CP*</fp>
        <fp>C_Axial*</fp>
        <fp>C_Radial*</fp>
        <fp>TantalC*</fp>
        <fp>C*elec</fp>
        <fp>c_elec*</fp>
        <fp>SMD*_Pol</fp>
      </footprints>
      <fields>
        <field name="Reference">C</field>
        <field name="Value">CP</field>
      </fields>
      <pins>
        <pin num="1" name="~" type="passive"/>
        <pin num="2" name="~" type="passive"/>
      </pins>
    </libpart>
    <libpart lib="device" part="C_Small">
      <description>Unpolarized capacitor</description>
      <footprints>
        <fp>C?</fp>
        <fp>C_????_*</fp>
        <fp>C_????</fp>
        <fp>SMD*_c</fp>
        <fp>Capacitor*</fp>
      </footprints>
      <fields>
        <field name="Reference">C</field>
        <field name="Value">C_Small</field>
      </fields>
      <pins>
        <pin num="1" name="~" type="passive"/>
        <pin num="2" name="~" type="passive"/>
      </pins>
    </libpart>
    <libpart lib="device" part="Crystal">
      <description>Two pin crystal</description>
      <footprints>
        <fp>Crystal*</fp>
      </footprints>
      <fields>
        <field name="Reference">Y</field>
        <field name="Value">Crystal</field>
      </fields>
      <pins>
        <pin num="1" name="1" type="passive"/>
        <pin num="2" name="2" type="passive"/>
      </pins>
    </libpart>
    <libpart lib="device" part="D">
      <description>Diode</description>
      <footprints>
        <fp>Diode_*</fp>
        <fp>D-*</fp>
        <fp>*SingleDiode</fp>
        <fp>*_Diode_*</fp>
        <fp>*SingleDiode*</fp>
        <fp>D_*</fp>
      </footprints>
      <fields>
        <field name="Reference">D</field>
        <field name="Value">D</field>
      </fields>
      <pins>
        <pin num="1" name="K" type="passive"/>
        <pin num="2" name="A" type="passive"/>
      </pins>
    </libpart>
    <libpart lib="conn" part="DB9">
      <footprints>
        <fp>DB9*</fp>
      </footprints>
      <fields>
        <field name="Reference">J</field>
        <field name="Value">DB9</field>
      </fields>
      <pins>
        <pin num="1" name="1" type="passive"/>
        <pin num="2" name="2" type="passive"/>
        <pin num="3" name="3" type="passive"/>
        <pin num="4" name="4" type="passive"/>
        <pin num="5" name="5" type="passive"/>
        <pin num="6" name="P6" type="passive"/>
        <pin num="7" name="P7" type="passive"/>
        <pin num="8" name="P8" type="passive"/>
        <pin num="9" name="P9" type="passive"/>
      </pins>
    </libpart>
    <libpart lib="device" part="Jumper_NC_Dual">
      <description>Dual Jumper, normally closed</description>
      <fields>
        <field name="Reference">JP</field>
        <field name="Value">Jumper_NC_Dual</field>
      </fields>
      <pins>
        <pin num="1" name="1" type="passive"/>
        <pin num="2" name="2" type="passive"/>
        <pin num="3" name="3" type="passive"/>
      </pins>
    </libpart>
    <libpart lib="device" part="Jumper_NC_Small">
      <description>Jumper, normally closed</description>
      <fields>
        <field name="Reference">JP</field>
        <field name="Value">Jumper_NC_Small</field>
      </fields>
      <pins>
        <pin num="1" name="1" type="passive"/>
        <pin num="2" name="2" type="passive"/>
      </pins>
    </libpart>
    <libpart lib="device" part="LED">
      <description>LED generic</description>
      <footprints>
        <fp>LED*</fp>
      </footprints>
      <fields>
        <field name="Reference">D</field>
        <field name="Value">LED</field>
      </fields>
      <pins>
        <pin num="1" name="K" type="passive"/>
        <pin num="2" name="A" type="passive"/>
      </pins>
    </libpart>
    <libpart lib="cadtest-cache" part="MCP2515-E/ST-DIP">
      <footprints>
        <fp>DIP18*</fp>
      </footprints>
      <fields>
        <field name="Reference">U</field>
        <field name="Value">MCP2515-E/ST-DIP</field>
        <field name="Footprint">Housings_DIP:DIP-18_W7.62mm</field>
      </fields>
      <pins>
        <pin num="1" name="TXCAN" type="output"/>
        <pin num="2" name="RXCAN" type="input"/>
        <pin num="3" name="CLKOUT/SOF" type="output"/>
        <pin num="4" name="~TX0RTS" type="input"/>
        <pin num="5" name="~TX1RTS" type="input"/>
        <pin num="6" name="~TX2RTS" type="input"/>
        <pin num="7" name="OSC2" type="output"/>
        <pin num="8" name="OSC1" type="input"/>
        <pin num="9" name="VSS" type="power_in"/>
        <pin num="10" name="~RX1BF" type="output"/>
        <pin num="11" name="~RX0BF" type="output"/>
        <pin num="12" name="~INT" type="output"/>
        <pin num="13" name="SCK" type="input"/>
        <pin num="14" name="SI" type="input"/>
        <pin num="15" name="SO" type="output"/>
        <pin num="16" name="~CS" type="input"/>
        <pin num="17" name="~RESET" type="input"/>
        <pin num="18" name="VDD" type="power_in"/>
      </pins>
    </libpart>
    <libpart lib="interface" part="MCP2551-I/P">
      <description>High-Speed CAN Transceiver, 1Mbps, 5V supply, PDIP8 package</description>
      <docs>http://ww1.microchip.com/downloads/en/devicedoc/21667d.pdf</docs>
      <footprints>
        <fp>*DIP*W7.62mm*</fp>
      </footprints>
      <fields>
        <field name="Reference">U</field>
        <field name="Value">MCP2551-I/P</field>
        <field name="Footprint">Housings_DIP:DIP-8_W7.62mm</field>
      </fields>
      <pins>
        <pin num="1" name="TXD" type="input"/>
        <pin num="2" name="VSS" type="power_in"/>
        <pin num="3" name="VDD" type="power_in"/>
        <pin num="4" name="RXD" type="output"/>
        <pin num="5" name="Vref" type="power_out"/>
        <pin num="6" name="CANL" type="BiDi"/>
        <pin num="7" name="CANH" type="BiDi"/>
        <pin num="8" name="Rs" type="input"/>
      </pins>
    </libpart>
    <libpart lib="device" part="R">
      <description>Resistor</description>
      <footprints>
        <fp>R_*</fp>
        <fp>Resistor_*</fp>
      </footprints>
      <fields>
        <field name="Reference">R</field>
        <field name="Value">R</field>
      </fields>
      <pins>
        <pin num="1" name="~" type="passive"/>
        <pin num="2" name="~" type="passive"/>
      </pins>
    </libpart>
    <libpart lib="conn" part="Screw_Terminal_1x04">
      <description>4-pin screw terminal connector</description>
      <footprints>
        <fp>bornier4</fp>
        <fp>TerminalBlock*4pol</fp>
      </footprints>
      <fields>
        <field name="Reference">J</field>
        <field name="Value">Screw_Terminal_1x04</field>
      </fields>
      <pins>
        <pin num="1" name="~" type="passive"/>
        <pin num="2" name="~" type="passive"/>
        <pin num="3" name="~" type="passive"/>
        <pin num="4" name="~" type="passive"/>
      </pins>
    </libpart>
  </libparts>
  <libraries>
    <library logical="device">
      <uri>C:\Program Files\KiCad\share\kicad\library\device.lib</uri>
    </library>
    <library logical="conn">
      <uri>C:\Program Files\KiCad\share\kicad\library\conn.lib</uri>
    </library>
    <library logical="interface">
      <uri>C:\Program Files\KiCad\share\kicad\library\interface.lib</uri>
    </library>
    <library logical="cadtest-cache">
      <uri>C:\Users\uabjonb\Desktop\cadtest\cadtest-cache.lib</uri>
    </library>
  </libraries>
  <nets>
    <net code="1" name="PI_SPI_MISO">
      <node ref="C1" pin="21"/>
      <node ref="U1" pin="15"/>
    </net>
    <net code="2" name="PI_SPI_MOSI">
      <node ref="U1" pin="14"/>
      <node ref="C1" pin="19"/>
    </net>
    <net code="3" name="PI_SPI_SCLK">
      <node ref="C1" pin="23"/>
      <node ref="U1" pin="13"/>
    </net>
    <net code="4" name="~PI_SPI_CE0">
      <node ref="C1" pin="24"/>
      <node ref="U1" pin="16"/>
    </net>
    <net code="5" name="RST">
      <node ref="U1" pin="17"/>
      <node ref="R2" pin="1"/>
    </net>
    <net code="7" name="~PI_SPI_CE1">
      <node ref="D5" pin="2"/>
      <node ref="C1" pin="26"/>
    </net>
    <net code="8" name="CANL">
      <node ref="JP1" pin="2"/>
      <node ref="R6" pin="1"/>
      <node ref="U3" pin="6"/>
      <node ref="J1" pin="2"/>
      <node ref="R9" pin="2"/>
    </net>
    <net code="9" name="Net-(D5-Pad1)">
      <node ref="R10" pin="2"/>
      <node ref="D5" pin="1"/>
    </net>
    <net code="10" name="Net-(C5-Pad1)">
      <node ref="R7" pin="2"/>
      <node ref="C5" pin="1"/>
    </net>
    <net code="11" name="CANH">
      <node ref="JP3" pin="2"/>
      <node ref="U3" pin="7"/>
      <node ref="JP2" pin="2"/>
      <node ref="J1" pin="3"/>
      <node ref="R7" pin="1"/>
    </net>
    <net code="12" name="Net-(C4-Pad1)">
      <node ref="C4" pin="1"/>
      <node ref="R6" pin="2"/>
    </net>
    <net code="13" name="Net-(R4-Pad1)">
      <node ref="U3" pin="8"/>
      <node ref="R4" pin="1"/>
    </net>
    <net code="14" name="PI_3V3">
      <node ref="R2" pin="2"/>
      <node ref="C2" pin="1"/>
      <node ref="U1" pin="18"/>
      <node ref="C1" pin="17"/>
      <node ref="C1" pin="1"/>
    </net>
    <net code="15" name="Net-(R3-Pad1)">
      <node ref="R3" pin="1"/>
      <node ref="U3" pin="4"/>
    </net>
    <net code="16" name="Net-(R1-Pad1)">
      <node ref="R1" pin="1"/>
      <node ref="R3" pin="2"/>
      <node ref="U1" pin="2"/>
    </net>
    <net code="17" name="Net-(U1-Pad1)">
      <node ref="U3" pin="1"/>
      <node ref="U1" pin="1"/>
    </net>
    <net code="18" name="Net-(C1-Pad37)">
      <node ref="C1" pin="37"/>
    </net>
    <net code="19" name="Net-(C1-Pad16)">
      <node ref="C1" pin="16"/>
    </net>
    <net code="20" name="Net-(J2-Pad8)">
      <node ref="J2" pin="8"/>
    </net>
    <net code="21" name="Net-(J2-Pad4)">
      <node ref="J2" pin="4"/>
    </net>
    <net code="22" name="Net-(J2-Pad6)">
      <node ref="J2" pin="6"/>
    </net>
    <net code="23" name="Net-(C1-Pad25)">
      <node ref="C1" pin="25"/>
    </net>
    <net code="24" name="Net-(C1-Pad27)">
      <node ref="C1" pin="27"/>
    </net>
    <net code="25" name="Net-(C1-Pad29)">
      <node ref="C1" pin="29"/>
    </net>
    <net code="26" name="Net-(C1-Pad31)">
      <node ref="C1" pin="31"/>
    </net>
    <net code="27" name="Net-(C1-Pad33)">
      <node ref="C1" pin="33"/>
    </net>
    <net code="28" name="Net-(C1-Pad35)">
      <node ref="C1" pin="35"/>
    </net>
    <net code="29" name="Net-(C1-Pad18)">
      <node ref="C1" pin="18"/>
    </net>
    <net code="30" name="Net-(C1-Pad40)">
      <node ref="C1" pin="40"/>
    </net>
    <net code="31" name="Net-(C1-Pad38)">
      <node ref="C1" pin="38"/>
    </net>
    <net code="32" name="Net-(C1-Pad36)">
      <node ref="C1" pin="36"/>
    </net>
    <net code="33" name="Net-(C1-Pad32)">
      <node ref="C1" pin="32"/>
    </net>
    <net code="34" name="Net-(C1-Pad28)">
      <node ref="C1" pin="28"/>
    </net>
    <net code="35" name="Net-(C1-Pad22)">
      <node ref="C1" pin="22"/>
    </net>
    <net code="36" name="Net-(C1-Pad3)">
      <node ref="C1" pin="3"/>
    </net>
    <net code="37" name="Net-(C1-Pad5)">
      <node ref="C1" pin="5"/>
    </net>
    <net code="38" name="Net-(C1-Pad7)">
      <node ref="C1" pin="7"/>
    </net>
    <net code="39" name="Net-(C1-Pad11)">
      <node ref="C1" pin="11"/>
    </net>
    <net code="40" name="Net-(C1-Pad13)">
      <node ref="C1" pin="13"/>
    </net>
    <net code="41" name="Net-(C1-Pad15)">
      <node ref="C1" pin="15"/>
    </net>
    <net code="42" name="OSC2">
      <node ref="C7" pin="1"/>
      <node ref="Y1" pin="2"/>
      <node ref="U1" pin="7"/>
    </net>
    <net code="43" name="OSC1">
      <node ref="U1" pin="8"/>
      <node ref="Y1" pin="1"/>
      <node ref="C6" pin="1"/>
    </net>
    <net code="44" name="Net-(JP2-Pad1)">
      <node ref="JP2" pin="1"/>
      <node ref="R9" pin="1"/>
    </net>
    <net code="45" name="GND">
      <node ref="C3" pin="2"/>
      <node ref="c1" pin="2"/>
      <node ref="R10" pin="1"/>
      <node ref="JP4" pin="2"/>
      <node ref="C4" pin="2"/>
      <node ref="C5" pin="2"/>
      <node ref="C1" pin="20"/>
      <node ref="C1" pin="9"/>
      <node ref="C1" pin="6"/>
      <node ref="C1" pin="39"/>
      <node ref="R5" pin="1"/>
      <node ref="C1" pin="14"/>
      <node ref="R8" pin="1"/>
      <node ref="U1" pin="9"/>
      <node ref="C1" pin="34"/>
      <node ref="J1" pin="1"/>
      <node ref="C2" pin="2"/>
      <node ref="C1" pin="30"/>
      <node ref="R4" pin="2"/>
      <node ref="C8" pin="2"/>
      <node ref="U2" pin="2"/>
      <node ref="R1" pin="2"/>
      <node ref="U3" pin="2"/>
      <node ref="C6" pin="2"/>
      <node ref="C7" pin="2"/>
    </net>
    <net code="46" name="Net-(C8-Pad1)">
      <node ref="U2" pin="1"/>
      <node ref="C8" pin="1"/>
      <node ref="D1" pin="1"/>
    </net>
    <net code="47" name="PI_5V">
      <node ref="C1" pin="2"/>
      <node ref="D3" pin="1"/>
      <node ref="c1" pin="1"/>
      <node ref="U3" pin="3"/>
      <node ref="D2" pin="2"/>
      <node ref="C1" pin="4"/>
    </net>
    <net code="48" name="+12V">
      <node ref="J1" pin="4"/>
      <node ref="D1" pin="2"/>
      <node ref="J2" pin="9"/>
    </net>
    <net code="49" name="Net-(J2-Pad1)">
      <node ref="J2" pin="1"/>
    </net>
    <net code="52" name="Net-(J2-Pad7)">
      <node ref="JP3" pin="3"/>
      <node ref="J2" pin="7"/>
    </net>
    <net code="53" name="Net-(J2-Pad3)">
      <node ref="JP4" pin="3"/>
      <node ref="JP3" pin="1"/>
      <node ref="J2" pin="3"/>
    </net>
    <net code="54" name="Net-(D4-Pad1)">
      <node ref="R8" pin="2"/>
      <node ref="D4" pin="1"/>
    </net>
    <net code="55" name="Net-(J2-Pad2)">
      <node ref="J2" pin="2"/>
      <node ref="JP4" pin="1"/>
      <node ref="JP1" pin="3"/>
    </net>
    <net code="56" name="Net-(J2-Pad5)">
      <node ref="J2" pin="5"/>
      <node ref="JP1" pin="1"/>
    </net>
    <net code="57" name="Net-(C1-Pad12)">
      <node ref="C1" pin="12"/>
    </net>
    <net code="58" name="Net-(C3-Pad1)">
      <node ref="D4" pin="2"/>
      <node ref="C3" pin="1"/>
      <node ref="D3" pin="2"/>
      <node ref="U2" pin="3"/>
    </net>
    <net code="59" name="Net-(D2-Pad1)">
      <node ref="R5" pin="2"/>
      <node ref="D2" pin="1"/>
    </net>
    <net code="60" name="Net-(U3-Pad5)">
      <node ref="U3" pin="5"/>
    </net>
    <net code="61" name="Net-(C1-Pad10)">
      <node ref="C1" pin="10"/>
    </net>
    <net code="62" name="Net-(C1-Pad8)">
      <node ref="C1" pin="8"/>
    </net>
    <net code="63" name="Net-(U1-Pad12)">
      <node ref="U1" pin="12"/>
    </net>
    <net code="64" name="Net-(U1-Pad11)">
      <node ref="U1" pin="11"/>
    </net>
    <net code="65" name="Net-(U1-Pad10)">
      <node ref="U1" pin="10"/>
    </net>
    <net code="66" name="Net-(U1-Pad3)">
      <node ref="U1" pin="3"/>
    </net>
    <net code="67" name="Net-(U1-Pad4)">
      <node ref="U1" pin="4"/>
    </net>
    <net code="68" name="Net-(U1-Pad5)">
      <node ref="U1" pin="5"/>
    </net>
    <net code="69" name="Net-(U1-Pad6)">
      <node ref="U1" pin="6"/>
    </net>
  </nets>
</export>
